timeStamp,elapsed,label,responseCode,responseMessage,threadName,dataType,success,failureMessage,bytes,sentBytes,grpThreads,allThreads,URL,Latency,IdleTime,Connect
1759452027853,82,POST /auth/signup.,200,,TG-Signup 1-1,text,true,,993,303,1,1,http://localhost:8080/auth/signup,82,0,2
1759452028462,73,POST /auth/signup.,200,,TG-Signup 1-2,text,true,,1027,324,1,1,http://localhost:8080/auth/signup,73,0,1
1759452029053,75,POST /auth/signup.,200,,TG-Signup 1-3,text,true,,1027,324,1,1,http://localhost:8080/auth/signup,75,0,1
1759452029655,75,POST /auth/signup.,200,,TG-Signup 1-4,text,true,,1027,324,1,1,http://localhost:8080/auth/signup,75,0,1
1759452030264,74,POST /auth/signup.,200,,TG-Signup 1-5,text,true,,1027,324,1,1,http://localhost:8080/auth/signup,74,0,1
1759452030868,73,POST /auth/signup.,200,,TG-Signup 1-6,text,true,,1027,324,1,1,http://localhost:8080/auth/signup,73,0,0
1759452031453,74,POST /auth/signup.,200,,TG-Signup 1-7,text,true,,1027,324,1,1,http://localhost:8080/auth/signup,74,0,1
1759452032055,74,POST /auth/signup.,200,,TG-Signup 1-8,text,true,,1027,324,1,1,http://localhost:8080/auth/signup,74,0,1
1759452032653,73,POST /auth/signup.,200,,TG-Signup 1-9,text,true,,1027,324,1,1,http://localhost:8080/auth/signup,73,0,1
1759452033256,74,POST /auth/signup.,200,,TG-Signup 1-10,text,true,,1027,324,1,1,http://localhost:8080/auth/signup,74,0,1
1759452033852,74,POST /auth/signup.,200,,TG-Signup 1-11,text,true,,1027,324,1,1,http://localhost:8080/auth/signup,74,0,1
1759452034452,73,POST /auth/signup.,200,,TG-Signup 1-12,text,true,,1027,324,1,1,http://localhost:8080/auth/signup,73,0,1
1759452035052,74,POST /auth/signup.,200,,TG-Signup 1-13,text,true,,1027,324,1,1,http://localhost:8080/auth/signup,74,0,1
1759452035652,74,POST /auth/signup.,200,,TG-Signup 1-14,text,true,,1027,324,1,1,http://localhost:8080/auth/signup,74,0,1
1759452036252,74,POST /auth/signup.,200,,TG-Signup 1-15,text,true,,1027,324,1,1,http://localhost:8080/auth/signup,74,0,1
1759452036856,73,POST /auth/signup.,200,,TG-Signup 1-16,text,true,,1027,324,1,1,http://localhost:8080/auth/signup,73,0,0
1759452037451,73,POST /auth/signup.,200,,TG-Signup 1-17,text,true,,1027,324,1,1,http://localhost:8080/auth/signup,73,0,1
1759452038053,81,POST /auth/signup.,200,,TG-Signup 1-18,text,true,,1027,324,1,1,http://localhost:8080/auth/signup,81,0,0
1759452038657,80,POST /auth/signup.,200,,TG-Signup 1-19,text,true,,1027,324,1,1,http://localhost:8080/auth/signup,80,0,1
1759452039255,81,POST /auth/signup.,200,,TG-Signup 1-20,text,true,,1027,324,1,1,http://localhost:8080/auth/signup,81,0,1
1759452039856,74,POST /auth/signup.,200,,TG-Signup 1-21,text,true,,1027,324,1,1,http://localhost:8080/auth/signup,74,0,1
1759452040470,75,POST /auth/signup.,200,,TG-Signup 1-22,text,true,,1027,324,1,1,http://localhost:8080/auth/signup,75,0,1
1759452041055,73,POST /auth/signup.,200,,TG-Signup 1-23,text,true,,1027,324,1,1,http://localhost:8080/auth/signup,73,0,1
1759452041656,73,POST /auth/signup.,200,,TG-Signup 1-24,text,true,,1027,324,1,1,http://localhost:8080/auth/signup,73,0,0
1759452042257,74,POST /auth/signup.,200,,TG-Signup 1-25,text,true,,1027,324,1,1,http://localhost:8080/auth/signup,74,0,1
1759452042855,74,POST /auth/signup.,200,,TG-Signup 1-26,text,true,,1027,324,1,1,http://localhost:8080/auth/signup,74,0,1
1759452043457,79,POST /auth/signup.,200,,TG-Signup 1-27,text,true,,1027,324,1,1,http://localhost:8080/auth/signup,79,0,0
1759452044054,75,POST /auth/signup.,200,,TG-Signup 1-28,text,true,,1027,324,1,1,http://localhost:8080/auth/signup,75,0,1
1759452044667,73,POST /auth/signup.,200,,TG-Signup 1-29,text,true,,1027,324,1,1,http://localhost:8080/auth/signup,73,0,1
1759452045254,73,POST /auth/signup.,200,,TG-Signup 1-30,text,true,,1027,324,1,1,http://localhost:8080/auth/signup,73,0,1
1759452045855,73,POST /auth/signup.,200,,TG-Signup 1-31,text,true,,1027,324,1,1,http://localhost:8080/auth/signup,73,0,1
1759452046455,74,POST /auth/signup.,200,,TG-Signup 1-32,text,true,,1027,324,1,1,http://localhost:8080/auth/signup,74,0,1
1759452047056,73,POST /auth/signup.,200,,TG-Signup 1-33,text,true,,1027,324,1,1,http://localhost:8080/auth/signup,72,0,1
1759452047654,74,POST /auth/signup.,200,,TG-Signup 1-34,text,true,,1027,324,1,1,http://localhost:8080/auth/signup,74,0,1
1759452048252,72,POST /auth/signup.,200,,TG-Signup 1-35,text,true,,1027,324,1,1,http://localhost:8080/auth/signup,72,0,1
1759452048856,73,POST /auth/signup.,200,,TG-Signup 1-36,text,true,,1027,324,1,1,http://localhost:8080/auth/signup,73,0,1
1759452049465,72,POST /auth/signup.,200,,TG-Signup 1-37,text,true,,1027,324,1,1,http://localhost:8080/auth/signup,72,0,1
1759452050056,73,POST /auth/signup.,200,,TG-Signup 1-38,text,true,,1027,324,1,1,http://localhost:8080/auth/signup,73,0,1
1759452050656,75,POST /auth/signup.,200,,TG-Signup 1-39,text,true,,1027,324,1,1,http://localhost:8080/auth/signup,75,0,1
1759452051256,73,POST /auth/signup.,200,,TG-Signup 1-40,text,true,,1027,324,1,1,http://localhost:8080/auth/signup,73,0,1
1759452051856,73,POST /auth/signup.,200,,TG-Signup 1-41,text,true,,1027,324,1,1,http://localhost:8080/auth/signup,73,0,1
1759452052458,73,POST /auth/signup.,200,,TG-Signup 1-42,text,true,,1027,324,1,1,http://localhost:8080/auth/signup,73,0,1
1759452053058,73,POST /auth/signup.,200,,TG-Signup 1-43,text,true,,1027,324,1,1,http://localhost:8080/auth/signup,73,0,1
1759452053656,73,POST /auth/signup.,200,,TG-Signup 1-44,text,true,,1027,324,1,1,http://localhost:8080/auth/signup,73,0,1
1759452054255,75,POST /auth/signup.,200,,TG-Signup 1-45,text,true,,1027,324,1,1,http://localhost:8080/auth/signup,75,0,1
1759452054855,73,POST /auth/signup.,200,,TG-Signup 1-46,text,true,,1027,324,1,1,http://localhost:8080/auth/signup,73,0,1
1759452055457,72,POST /auth/signup.,200,,TG-Signup 1-47,text,true,,1027,324,1,1,http://localhost:8080/auth/signup,72,0,1
1759452056054,73,POST /auth/signup.,200,,TG-Signup 1-48,text,true,,1027,324,1,1,http://localhost:8080/auth/signup,72,0,1
1759452056655,73,POST /auth/signup.,200,,TG-Signup 1-49,text,true,,1027,324,1,1,http://localhost:8080/auth/signup,73,0,1
1759452057255,73,POST /auth/signup.,200,,TG-Signup 1-50,text,true,,1027,324,1,1,http://localhost:8080/auth/signup,73,0,1
1759452057858,73,POST /auth/signup.,200,,TG-Signup 1-51,text,true,,1027,324,1,1,http://localhost:8080/auth/signup,73,0,1
1759452058454,74,POST /auth/signup.,200,,TG-Signup 1-52,text,true,,1027,324,1,1,http://localhost:8080/auth/signup,74,0,1
1759452059055,75,POST /auth/signup.,200,,TG-Signup 1-53,text,true,,1027,324,1,1,http://localhost:8080/auth/signup,75,0,1
1759452059655,80,POST /auth/signup.,200,,TG-Signup 1-54,text,true,,1027,324,1,1,http://localhost:8080/auth/signup,80,0,1
1759452060255,74,POST /auth/signup.,200,,TG-Signup 1-55,text,true,,1027,324,1,1,http://localhost:8080/auth/signup,74,0,1
1759452060855,72,POST /auth/signup.,200,,TG-Signup 1-56,text,true,,1027,324,1,1,http://localhost:8080/auth/signup,72,0,1
1759452061455,75,POST /auth/signup.,200,,TG-Signup 1-57,text,true,,1027,324,1,1,http://localhost:8080/auth/signup,75,0,1
1759452062055,73,POST /auth/signup.,200,,TG-Signup 1-58,text,true,,1027,324,1,1,http://localhost:8080/auth/signup,73,0,1
1759452062655,73,POST /auth/signup.,200,,TG-Signup 1-59,text,true,,1027,324,1,1,http://localhost:8080/auth/signup,73,0,0
1759452063261,73,POST /auth/signup.,200,,TG-Signup 1-60,text,true,,1027,324,1,1,http://localhost:8080/auth/signup,73,0,1
1759452063856,73,POST /auth/signup.,200,,TG-Signup 1-61,text,true,,1027,324,1,1,http://localhost:8080/auth/signup,72,0,1
1759452064455,73,POST /auth/signup.,200,,TG-Signup 1-62,text,true,,1027,324,1,1,http://localhost:8080/auth/signup,73,0,1
1759452065055,74,POST /auth/signup.,200,,TG-Signup 1-63,text,true,,1027,324,1,1,http://localhost:8080/auth/signup,74,0,1
1759452065654,73,POST /auth/signup.,200,,TG-Signup 1-64,text,true,,1027,324,1,1,http://localhost:8080/auth/signup,73,0,1
1759452066257,73,POST /auth/signup.,200,,TG-Signup 1-65,text,true,,1027,324,1,1,http://localhost:8080/auth/signup,73,0,1
1759452066857,73,POST /auth/signup.,200,,TG-Signup 1-66,text,true,,1027,324,1,1,http://localhost:8080/auth/signup,72,0,1
1759452067457,72,POST /auth/signup.,200,,TG-Signup 1-67,text,true,,1027,324,1,1,http://localhost:8080/auth/signup,72,0,1
1759452068058,73,POST /auth/signup.,200,,TG-Signup 1-68,text,true,,1027,324,1,1,http://localhost:8080/auth/signup,73,0,1
1759452068656,72,POST /auth/signup.,200,,TG-Signup 1-69,text,true,,1027,324,1,1,http://localhost:8080/auth/signup,72,0,1
1759452069258,73,POST /auth/signup.,200,,TG-Signup 1-70,text,true,,1027,324,1,1,http://localhost:8080/auth/signup,73,0,1
1759452069856,72,POST /auth/signup.,200,,TG-Signup 1-71,text,true,,1027,324,1,1,http://localhost:8080/auth/signup,72,0,1
1759452070459,74,POST /auth/signup.,200,,TG-Signup 1-72,text,true,,1027,324,1,1,http://localhost:8080/auth/signup,74,0,1
1759452071059,72,POST /auth/signup.,200,,TG-Signup 1-73,text,true,,1027,324,1,1,http://localhost:8080/auth/signup,72,0,1
1759452071665,73,POST /auth/signup.,200,,TG-Signup 1-74,text,true,,1027,324,1,1,http://localhost:8080/auth/signup,73,0,1
1759452072256,72,POST /auth/signup.,200,,TG-Signup 1-75,text,true,,1027,324,1,1,http://localhost:8080/auth/signup,72,0,1
1759452072859,76,POST /auth/signup.,200,,TG-Signup 1-76,text,true,,1027,324,1,1,http://localhost:8080/auth/signup,76,0,1
1759452073457,74,POST /auth/signup.,200,,TG-Signup 1-77,text,true,,1027,324,1,1,http://localhost:8080/auth/signup,74,0,1
1759452074057,73,POST /auth/signup.,200,,TG-Signup 1-78,text,true,,1027,324,1,1,http://localhost:8080/auth/signup,73,0,1
1759452074655,74,POST /auth/signup.,200,,TG-Signup 1-79,text,true,,1027,324,1,1,http://localhost:8080/auth/signup,74,0,1
1759452075257,75,POST /auth/signup.,200,,TG-Signup 1-80,text,true,,1027,324,1,1,http://localhost:8080/auth/signup,75,0,0
1759452075853,73,POST /auth/signup.,200,,TG-Signup 1-81,text,true,,1027,324,1,1,http://localhost:8080/auth/signup,73,0,0
1759452076457,73,POST /auth/signup.,200,,TG-Signup 1-82,text,true,,1027,324,1,1,http://localhost:8080/auth/signup,73,0,1
1759452077056,73,POST /auth/signup.,200,,TG-Signup 1-83,text,true,,1027,324,1,1,http://localhost:8080/auth/signup,73,0,1
1759452077657,73,POST /auth/signup.,200,,TG-Signup 1-84,text,true,,1027,324,1,1,http://localhost:8080/auth/signup,73,0,0
1759452078257,73,POST /auth/signup.,200,,TG-Signup 1-85,text,true,,1027,324,1,1,http://localhost:8080/auth/signup,72,0,1
1759452078859,73,POST /auth/signup.,200,,TG-Signup 1-86,text,true,,1027,324,1,1,http://localhost:8080/auth/signup,73,0,1
1759452079459,72,POST /auth/signup.,200,,TG-Signup 1-87,text,true,,1027,324,1,1,http://localhost:8080/auth/signup,72,0,1
1759452080058,75,POST /auth/signup.,200,,TG-Signup 1-88,text,true,,1027,324,1,1,http://localhost:8080/auth/signup,75,0,0
1759452080659,73,POST /auth/signup.,200,,TG-Signup 1-89,text,true,,1027,324,1,1,http://localhost:8080/auth/signup,73,0,1
1759452081256,72,POST /auth/signup.,200,,TG-Signup 1-90,text,true,,1027,324,1,1,http://localhost:8080/auth/signup,72,0,0
1759452081857,72,POST /auth/signup.,200,,TG-Signup 1-91,text,true,,1027,324,1,1,http://localhost:8080/auth/signup,72,0,1
1759452082457,73,POST /auth/signup.,200,,TG-Signup 1-92,text,true,,1027,324,1,1,http://localhost:8080/auth/signup,73,0,1
1759452083069,73,POST /auth/signup.,200,,TG-Signup 1-93,text,true,,1027,324,1,1,http://localhost:8080/auth/signup,73,0,1
1759452083657,72,POST /auth/signup.,200,,TG-Signup 1-94,text,true,,1027,324,1,1,http://localhost:8080/auth/signup,72,0,1
1759452084257,72,POST /auth/signup.,200,,TG-Signup 1-95,text,true,,1027,324,1,1,http://localhost:8080/auth/signup,72,0,1
1759452084854,75,POST /auth/signup.,200,,TG-Signup 1-96,text,true,,1027,324,1,1,http://localhost:8080/auth/signup,75,0,0
1759452085454,72,POST /auth/signup.,200,,TG-Signup 1-97,text,true,,1027,324,1,1,http://localhost:8080/auth/signup,72,0,1
1759452086056,74,POST /auth/signup.,200,,TG-Signup 1-98,text,true,,1027,324,1,1,http://localhost:8080/auth/signup,74,0,1
1759452086659,75,POST /auth/signup.,200,,TG-Signup 1-99,text,true,,1027,324,1,1,http://localhost:8080/auth/signup,75,0,1
1759452087258,73,POST /auth/signup.,200,,TG-Signup 1-100,text,true,,1027,324,1,1,http://localhost:8080/auth/signup,73,0,1
1759452087857,72,POST /auth/signup.,200,,TG-Signup 1-101,text,true,,1027,324,1,1,http://localhost:8080/auth/signup,72,0,0
1759452088457,73,POST /auth/signup.,200,,TG-Signup 1-102,text,true,,1027,324,1,1,http://localhost:8080/auth/signup,73,0,1
1759452089065,73,POST /auth/signup.,200,,TG-Signup 1-103,text,true,,1027,324,1,1,http://localhost:8080/auth/signup,73,0,1
1759452089658,73,POST /auth/signup.,200,,TG-Signup 1-104,text,true,,1027,324,1,1,http://localhost:8080/auth/signup,73,0,1
1759452090257,73,POST /auth/signup.,200,,TG-Signup 1-105,text,true,,1027,324,1,1,http://localhost:8080/auth/signup,73,0,1
1759452090859,73,POST /auth/signup.,200,,TG-Signup 1-106,text,true,,1027,324,1,1,http://localhost:8080/auth/signup,73,0,1
1759452091458,76,POST /auth/signup.,200,,TG-Signup 1-107,text,true,,1027,324,1,1,http://localhost:8080/auth/signup,75,0,0
1759452092056,74,POST /auth/signup.,200,,TG-Signup 1-108,text,true,,1027,324,1,1,http://localhost:8080/auth/signup,74,0,1
1759452092658,72,POST /auth/signup.,200,,TG-Signup 1-109,text,true,,1027,324,1,1,http://localhost:8080/auth/signup,72,0,0
1759452093265,74,POST /auth/signup.,200,,TG-Signup 1-110,text,true,,1027,324,1,1,http://localhost:8080/auth/signup,74,0,1
1759452093857,71,POST /auth/signup.,200,,TG-Signup 1-111,text,true,,1027,324,1,1,http://localhost:8080/auth/signup,71,0,0
1759452094458,72,POST /auth/signup.,200,,TG-Signup 1-112,text,true,,1027,324,1,1,http://localhost:8080/auth/signup,72,0,1
1759452095059,73,POST /auth/signup.,200,,TG-Signup 1-113,text,true,,1027,324,1,1,http://localhost:8080/auth/signup,73,0,1
1759452095656,73,POST /auth/signup.,200,,TG-Signup 1-114,text,true,,1027,324,1,1,http://localhost:8080/auth/signup,73,0,1
1759452096257,73,POST /auth/signup.,200,,TG-Signup 1-115,text,true,,1027,324,1,1,http://localhost:8080/auth/signup,73,0,1
1759452096857,72,POST /auth/signup.,200,,TG-Signup 1-116,text,true,,1027,324,1,1,http://localhost:8080/auth/signup,72,0,1
1759452097465,74,POST /auth/signup.,200,,TG-Signup 1-117,text,true,,1027,324,1,1,http://localhost:8080/auth/signup,73,0,1
1759452098057,72,POST /auth/signup.,200,,TG-Signup 1-118,text,true,,1027,324,1,1,http://localhost:8080/auth/signup,72,0,1
1759452098664,73,POST /auth/signup.,200,,TG-Signup 1-119,text,true,,1027,324,1,1,http://localhost:8080/auth/signup,73,0,1
1759452099257,73,POST /auth/signup.,200,,TG-Signup 1-120,text,true,,1027,324,1,1,http://localhost:8080/auth/signup,73,0,1
1759452099858,73,POST /auth/signup.,200,,TG-Signup 1-121,text,true,,1027,324,1,1,http://localhost:8080/auth/signup,73,0,1
1759452100457,73,POST /auth/signup.,200,,TG-Signup 1-122,text,true,,1027,324,1,1,http://localhost:8080/auth/signup,73,0,1
1759452101059,73,POST /auth/signup.,200,,TG-Signup 1-123,text,true,,1027,324,1,1,http://localhost:8080/auth/signup,73,0,1
1759452101671,72,POST /auth/signup.,200,,TG-Signup 1-124,text,true,,1027,324,1,1,http://localhost:8080/auth/signup,72,0,1
1759452102258,73,POST /auth/signup.,200,,TG-Signup 1-125,text,true,,1027,324,1,1,http://localhost:8080/auth/signup,73,0,1
1759452102866,73,POST /auth/signup.,200,,TG-Signup 1-126,text,true,,1027,324,1,1,http://localhost:8080/auth/signup,73,0,1
1759452103452,73,POST /auth/signup.,200,,TG-Signup 1-127,text,true,,1027,324,1,1,http://localhost:8080/auth/signup,73,0,1
1759452104060,72,POST /auth/signup.,200,,TG-Signup 1-128,text,true,,1027,324,1,1,http://localhost:8080/auth/signup,72,0,0
1759452104658,78,POST /auth/signup.,200,,TG-Signup 1-129,text,true,,1027,324,1,1,http://localhost:8080/auth/signup,78,0,1
1759452105259,77,POST /auth/signup.,200,,TG-Signup 1-130,text,true,,1027,324,1,1,http://localhost:8080/auth/signup,77,0,1
1759452105860,73,POST /auth/signup.,200,,TG-Signup 1-131,text,true,,1027,324,1,1,http://localhost:8080/auth/signup,73,0,0
1759452106460,72,POST /auth/signup.,200,,TG-Signup 1-132,text,true,,1027,324,1,1,http://localhost:8080/auth/signup,72,0,0
1759452107059,72,POST /auth/signup.,200,,TG-Signup 1-133,text,true,,1027,324,1,1,http://localhost:8080/auth/signup,72,0,1
1759452107658,74,POST /auth/signup.,200,,TG-Signup 1-134,text,true,,1027,324,1,1,http://localhost:8080/auth/signup,73,0,1
1759452108260,73,POST /auth/signup.,200,,TG-Signup 1-135,text,true,,1027,324,1,1,http://localhost:8080/auth/signup,73,0,0
1759452108860,72,POST /auth/signup.,200,,TG-Signup 1-136,text,true,,1027,324,1,1,http://localhost:8080/auth/signup,72,0,0
1759452109458,74,POST /auth/signup.,200,,TG-Signup 1-137,text,true,,1027,324,1,1,http://localhost:8080/auth/signup,74,0,1
1759452110058,72,POST /auth/signup.,200,,TG-Signup 1-138,text,true,,1027,324,1,1,http://localhost:8080/auth/signup,72,0,0
1759452110659,72,POST /auth/signup.,200,,TG-Signup 1-139,text,true,,1027,324,1,1,http://localhost:8080/auth/signup,72,0,0
1759452111258,72,POST /auth/signup.,200,,TG-Signup 1-140,text,true,,1027,324,1,1,http://localhost:8080/auth/signup,72,0,0
1759452111858,72,POST /auth/signup.,200,,TG-Signup 1-141,text,true,,1027,324,1,1,http://localhost:8080/auth/signup,72,0,1
1759452112452,73,POST /auth/signup.,200,,TG-Signup 1-142,text,true,,1027,324,1,1,http://localhost:8080/auth/signup,73,0,1
1759452113059,73,POST /auth/signup.,200,,TG-Signup 1-143,text,true,,1027,324,1,1,http://localhost:8080/auth/signup,73,0,1
1759452113659,75,POST /auth/signup.,200,,TG-Signup 1-144,text,true,,1027,324,1,1,http://localhost:8080/auth/signup,75,0,1
1759452114260,73,POST /auth/signup.,200,,TG-Signup 1-145,text,true,,1027,324,1,1,http://localhost:8080/auth/signup,73,0,0
1759452114860,76,POST /auth/signup.,200,,TG-Signup 1-146,text,true,,1027,324,1,1,http://localhost:8080/auth/signup,76,0,1
1759452115467,74,POST /auth/signup.,200,,TG-Signup 1-147,text,true,,1027,324,1,1,http://localhost:8080/auth/signup,73,0,1
1759452116062,74,POST /auth/signup.,200,,TG-Signup 1-148,text,true,,1027,324,1,1,http://localhost:8080/auth/signup,74,0,1
1759452116661,74,POST /auth/signup.,200,,TG-Signup 1-149,text,true,,1027,324,1,1,http://localhost:8080/auth/signup,74,0,1
1759452117262,73,POST /auth/signup.,200,,TG-Signup 1-150,text,true,,1027,324,1,1,http://localhost:8080/auth/signup,73,0,1
1759452117860,72,POST /auth/signup.,200,,TG-Signup 1-151,text,true,,1027,324,1,1,http://localhost:8080/auth/signup,72,0,0
1759452118453,73,POST /auth/signup.,200,,TG-Signup 1-152,text,true,,1027,324,1,1,http://localhost:8080/auth/signup,73,0,1
1759452119067,73,POST /auth/signup.,200,,TG-Signup 1-153,text,true,,1027,324,1,1,http://localhost:8080/auth/signup,73,0,1
1759452119662,73,POST /auth/signup.,200,,TG-Signup 1-154,text,true,,1027,324,1,1,http://localhost:8080/auth/signup,73,0,0
1759452120260,77,POST /auth/signup.,200,,TG-Signup 1-155,text,true,,1027,324,1,1,http://localhost:8080/auth/signup,77,0,1
1759452120862,75,POST /auth/signup.,200,,TG-Signup 1-156,text,true,,1027,324,1,1,http://localhost:8080/auth/signup,75,0,1
1759452121473,72,POST /auth/signup.,200,,TG-Signup 1-157,text,true,,1027,324,1,1,http://localhost:8080/auth/signup,72,0,1
1759452122061,73,POST /auth/signup.,200,,TG-Signup 1-158,text,true,,1027,324,1,1,http://localhost:8080/auth/signup,73,0,1
1759452122660,73,POST /auth/signup.,200,,TG-Signup 1-159,text,true,,1027,324,1,1,http://localhost:8080/auth/signup,73,0,1
1759452123258,73,POST /auth/signup.,200,,TG-Signup 1-160,text,true,,1027,324,1,1,http://localhost:8080/auth/signup,73,0,1
1759452123859,73,POST /auth/signup.,200,,TG-Signup 1-161,text,true,,1027,324,1,1,http://localhost:8080/auth/signup,73,0,0
1759452124459,74,POST /auth/signup.,200,,TG-Signup 1-162,text,true,,1027,324,1,1,http://localhost:8080/auth/signup,74,0,2
1759452125060,72,POST /auth/signup.,200,,TG-Signup 1-163,text,true,,1027,324,1,1,http://localhost:8080/auth/signup,72,0,1
1759452125660,73,POST /auth/signup.,200,,TG-Signup 1-164,text,true,,1027,324,1,1,http://localhost:8080/auth/signup,73,0,1
1759452126253,72,POST /auth/signup.,200,,TG-Signup 1-165,text,true,,1027,324,1,1,http://localhost:8080/auth/signup,72,0,1
1759452126861,72,POST /auth/signup.,200,,TG-Signup 1-166,text,true,,1027,324,1,1,http://localhost:8080/auth/signup,72,0,1
1759452127460,72,POST /auth/signup.,200,,TG-Signup 1-167,text,true,,1027,324,1,1,http://localhost:8080/auth/signup,72,0,1
1759452128053,72,POST /auth/signup.,200,,TG-Signup 1-168,text,true,,1027,324,1,1,http://localhost:8080/auth/signup,72,0,1
1759452128660,72,POST /auth/signup.,200,,TG-Signup 1-169,text,true,,1027,324,1,1,http://localhost:8080/auth/signup,72,0,1
1759452129260,72,POST /auth/signup.,200,,TG-Signup 1-170,text,true,,1027,324,1,1,http://localhost:8080/auth/signup,72,0,1
1759452129860,73,POST /auth/signup.,200,,TG-Signup 1-171,text,true,,1027,324,1,1,http://localhost:8080/auth/signup,73,0,1
1759452130468,149,POST /auth/signup.,200,,TG-Signup 1-172,text,true,,1027,324,1,1,http://localhost:8080/auth/signup,148,0,1
1759452131075,71,POST /auth/signup.,200,,TG-Signup 1-173,text,true,,1027,324,1,1,http://localhost:8080/auth/signup,71,0,1
1759452131660,73,POST /auth/signup.,200,,TG-Signup 1-174,text,true,,1027,324,1,1,http://localhost:8080/auth/signup,73,0,1
1759452132260,73,POST /auth/signup.,200,,TG-Signup 1-175,text,true,,1027,324,1,1,http://localhost:8080/auth/signup,73,0,1
1759452132863,73,POST /auth/signup.,200,,TG-Signup 1-176,text,true,,1027,324,1,1,http://localhost:8080/auth/signup,73,0,1
1759452133462,73,POST /auth/signup.,200,,TG-Signup 1-177,text,true,,1027,324,1,1,http://localhost:8080/auth/signup,73,0,1
1759452134062,72,POST /auth/signup.,200,,TG-Signup 1-178,text,true,,1027,324,1,1,http://localhost:8080/auth/signup,72,0,1
1759452134654,72,POST /auth/signup.,200,,TG-Signup 1-179,text,true,,1027,324,1,1,http://localhost:8080/auth/signup,72,0,1
1759452135257,73,POST /auth/signup.,200,,TG-Signup 1-180,text,true,,1027,324,1,1,http://localhost:8080/auth/signup,73,0,1
1759452135862,73,POST /auth/signup.,200,,TG-Signup 1-181,text,true,,1027,324,1,1,http://localhost:8080/auth/signup,73,0,1
1759452136470,77,POST /auth/signup.,200,,TG-Signup 1-182,text,true,,1027,324,1,1,http://localhost:8080/auth/signup,77,0,1
1759452137062,73,POST /auth/signup.,200,,TG-Signup 1-183,text,true,,1027,324,1,1,http://localhost:8080/auth/signup,73,0,1
1759452137660,74,POST /auth/signup.,200,,TG-Signup 1-184,text,true,,1027,324,1,1,http://localhost:8080/auth/signup,74,0,1
1759452138260,73,POST /auth/signup.,200,,TG-Signup 1-185,text,true,,1027,324,1,1,http://localhost:8080/auth/signup,73,0,1
1759452138859,73,POST /auth/signup.,200,,TG-Signup 1-186,text,true,,1027,324,1,1,http://localhost:8080/auth/signup,73,0,1
1759452139460,73,POST /auth/signup.,200,,TG-Signup 1-187,text,true,,1027,324,1,1,http://localhost:8080/auth/signup,73,0,1
1759452140060,73,POST /auth/signup.,200,,TG-Signup 1-188,text,true,,1027,324,1,1,http://localhost:8080/auth/signup,73,0,1
1759452140659,73,POST /auth/signup.,200,,TG-Signup 1-189,text,true,,1027,324,1,1,http://localhost:8080/auth/signup,73,0,1
1759452141260,73,POST /auth/signup.,200,,TG-Signup 1-190,text,true,,1027,324,1,1,http://localhost:8080/auth/signup,73,0,1
1759452141860,74,POST /auth/signup.,200,,TG-Signup 1-191,text,true,,1027,324,1,1,http://localhost:8080/auth/signup,73,0,1
1759452142462,72,POST /auth/signup.,200,,TG-Signup 1-192,text,true,,1027,324,1,1,http://localhost:8080/auth/signup,72,0,1
1759452143060,72,POST /auth/signup.,200,,TG-Signup 1-193,text,true,,1027,324,1,1,http://localhost:8080/auth/signup,72,0,1
1759452143667,73,POST /auth/signup.,200,,TG-Signup 1-194,text,true,,1027,324,1,1,http://localhost:8080/auth/signup,73,0,1
1759452144260,73,POST /auth/signup.,200,,TG-Signup 1-195,text,true,,1027,324,1,1,http://localhost:8080/auth/signup,73,0,1
1759452144860,75,POST /auth/signup.,200,,TG-Signup 1-196,text,true,,1027,324,1,1,http://localhost:8080/auth/signup,75,0,1
1759452145460,74,POST /auth/signup.,200,,TG-Signup 1-197,text,true,,1027,324,1,1,http://localhost:8080/auth/signup,74,0,1
1759452146060,72,POST /auth/signup.,200,,TG-Signup 1-198,text,true,,1027,324,1,1,http://localhost:8080/auth/signup,72,0,1
1759452146660,73,POST /auth/signup.,200,,TG-Signup 1-199,text,true,,1027,324,1,1,http://localhost:8080/auth/signup,73,0,1
1759452147263,73,POST /auth/signup.,200,,TG-Signup 1-200,text,true,,1027,324,1,1,http://localhost:8080/auth/signup,73,0,1
1759452147868,73,POST /auth/signup.,200,,TG-Signup 1-201,text,true,,1027,324,1,1,http://localhost:8080/auth/signup,73,0,1
1759452148460,73,POST /auth/signup.,200,,TG-Signup 1-202,text,true,,1027,324,1,1,http://localhost:8080/auth/signup,73,0,1
1759452149052,72,POST /auth/signup.,200,,TG-Signup 1-203,text,true,,1027,324,1,1,http://localhost:8080/auth/signup,72,0,1
1759452149660,72,POST /auth/signup.,200,,TG-Signup 1-204,text,true,,1027,324,1,1,http://localhost:8080/auth/signup,72,0,1
1759452150261,73,POST /auth/signup.,200,,TG-Signup 1-205,text,true,,1027,324,1,1,http://localhost:8080/auth/signup,73,0,1
1759452150862,73,POST /auth/signup.,200,,TG-Signup 1-206,text,true,,1027,324,1,1,http://localhost:8080/auth/signup,73,0,0
1759452151463,72,POST /auth/signup.,200,,TG-Signup 1-207,text,true,,1027,324,1,1,http://localhost:8080/auth/signup,72,0,1
1759452152060,73,POST /auth/signup.,200,,TG-Signup 1-208,text,true,,1027,324,1,1,http://localhost:8080/auth/signup,73,0,1
1759452152653,88,POST /auth/signup.,200,,TG-Signup 1-209,text,true,,1027,324,1,1,http://localhost:8080/auth/signup,88,0,1
1759452153260,73,POST /auth/signup.,200,,TG-Signup 1-210,text,true,,1027,324,1,1,http://localhost:8080/auth/signup,73,0,1
1759452153860,72,POST /auth/signup.,200,,TG-Signup 1-211,text,true,,1027,324,1,1,http://localhost:8080/auth/signup,72,0,1
1759452154462,71,POST /auth/signup.,200,,TG-Signup 1-212,text,true,,1027,324,1,1,http://localhost:8080/auth/signup,71,0,1
1759452155062,71,POST /auth/signup.,200,,TG-Signup 1-213,text,true,,1027,324,1,1,http://localhost:8080/auth/signup,71,0,1
1759452155660,73,POST /auth/signup.,200,,TG-Signup 1-214,text,true,,1027,324,1,1,http://localhost:8080/auth/signup,73,0,1
1759452156261,77,POST /auth/signup.,200,,TG-Signup 1-215,text,true,,1027,324,1,1,http://localhost:8080/auth/signup,77,0,1
1759452156860,73,POST /auth/signup.,200,,TG-Signup 1-216,text,true,,1027,324,1,1,http://localhost:8080/auth/signup,73,0,1
1759452157460,72,POST /auth/signup.,200,,TG-Signup 1-217,text,true,,1027,324,1,1,http://localhost:8080/auth/signup,72,0,1
1759452158060,73,POST /auth/signup.,200,,TG-Signup 1-218,text,true,,1027,324,1,1,http://localhost:8080/auth/signup,73,0,1
1759452158662,72,POST /auth/signup.,200,,TG-Signup 1-219,text,true,,1027,324,1,1,http://localhost:8080/auth/signup,72,0,0
1759452159260,76,POST /auth/signup.,200,,TG-Signup 1-220,text,true,,1027,324,1,1,http://localhost:8080/auth/signup,76,0,1
1759452159860,73,POST /auth/signup.,200,,TG-Signup 1-221,text,true,,1027,324,1,1,http://localhost:8080/auth/signup,73,0,1
1759452160460,72,POST /auth/signup.,200,,TG-Signup 1-222,text,true,,1027,324,1,1,http://localhost:8080/auth/signup,72,0,1
1759452161060,72,POST /auth/signup.,200,,TG-Signup 1-223,text,true,,1027,324,1,1,http://localhost:8080/auth/signup,72,0,1
1759452161660,72,POST /auth/signup.,200,,TG-Signup 1-224,text,true,,1027,324,1,1,http://localhost:8080/auth/signup,72,0,1
1759452162262,73,POST /auth/signup.,200,,TG-Signup 1-225,text,true,,1027,324,1,1,http://localhost:8080/auth/signup,73,0,0
1759452162862,72,POST /auth/signup.,200,,TG-Signup 1-226,text,true,,1027,324,1,1,http://localhost:8080/auth/signup,72,0,0
1759452163462,72,POST /auth/signup.,200,,TG-Signup 1-227,text,true,,1027,324,1,1,http://localhost:8080/auth/signup,72,0,0
1759452164060,73,POST /auth/signup.,200,,TG-Signup 1-228,text,true,,1027,324,1,1,http://localhost:8080/auth/signup,73,0,1
1759452164660,73,POST /auth/signup.,200,,TG-Signup 1-229,text,true,,1027,324,1,1,http://localhost:8080/auth/signup,73,0,1
1759452165260,72,POST /auth/signup.,200,,TG-Signup 1-230,text,true,,1027,324,1,1,http://localhost:8080/auth/signup,72,0,1
1759452165862,72,POST /auth/signup.,200,,TG-Signup 1-231,text,true,,1027,324,1,1,http://localhost:8080/auth/signup,71,0,1
1759452166460,72,POST /auth/signup.,200,,TG-Signup 1-232,text,true,,1027,324,1,1,http://localhost:8080/auth/signup,72,0,1
1759452167062,76,POST /auth/signup.,200,,TG-Signup 1-233,text,true,,1027,324,1,1,http://localhost:8080/auth/signup,76,0,0
1759452167660,73,POST /auth/signup.,200,,TG-Signup 1-234,text,true,,1027,324,1,1,http://localhost:8080/auth/signup,73,0,1
1759452168260,73,POST /auth/signup.,200,,TG-Signup 1-235,text,true,,1027,324,1,1,http://localhost:8080/auth/signup,73,0,1
1759452168852,74,POST /auth/signup.,200,,TG-Signup 1-236,text,true,,1027,324,1,1,http://localhost:8080/auth/signup,74,0,0
1759452169460,72,POST /auth/signup.,200,,TG-Signup 1-237,text,true,,1027,324,1,1,http://localhost:8080/auth/signup,72,0,1
1759452170060,72,POST /auth/signup.,200,,TG-Signup 1-238,text,true,,1027,324,1,1,http://localhost:8080/auth/signup,72,0,1
1759452170661,73,POST /auth/signup.,200,,TG-Signup 1-239,text,true,,1027,324,1,1,http://localhost:8080/auth/signup,73,0,1
1759452171261,72,POST /auth/signup.,200,,TG-Signup 1-240,text,true,,1027,324,1,1,http://localhost:8080/auth/signup,72,0,0
1759452171860,74,POST /auth/signup.,200,,TG-Signup 1-241,text,true,,1027,324,1,1,http://localhost:8080/auth/signup,74,0,1
1759452172462,73,POST /auth/signup.,200,,TG-Signup 1-242,text,true,,1027,324,1,1,http://localhost:8080/auth/signup,73,0,1
1759452173060,77,POST /auth/signup.,200,,TG-Signup 1-243,text,true,,1027,324,1,1,http://localhost:8080/auth/signup,77,0,1
1759452173660,73,POST /auth/signup.,200,,TG-Signup 1-244,text,true,,1027,324,1,1,http://localhost:8080/auth/signup,73,0,1
1759452174260,72,POST /auth/signup.,200,,TG-Signup 1-245,text,true,,1027,324,1,1,http://localhost:8080/auth/signup,72,0,1
1759452174860,73,POST /auth/signup.,200,,TG-Signup 1-246,text,true,,1027,324,1,1,http://localhost:8080/auth/signup,73,0,1
1759452175463,73,POST /auth/signup.,200,,TG-Signup 1-247,text,true,,1027,324,1,1,http://localhost:8080/auth/signup,73,0,1
1759452176059,73,POST /auth/signup.,200,,TG-Signup 1-248,text,true,,1027,324,1,1,http://localhost:8080/auth/signup,73,0,1
1759452176653,72,POST /auth/signup.,200,,TG-Signup 1-249,text,true,,1027,324,1,1,http://localhost:8080/auth/signup,72,0,0
1759452177263,72,POST /auth/signup.,200,,TG-Signup 1-250,text,true,,1027,324,1,1,http://localhost:8080/auth/signup,72,0,0
1759452177869,72,POST /auth/signup.,200,,TG-Signup 1-251,text,true,,1027,324,1,1,http://localhost:8080/auth/signup,72,0,1
1759452178460,73,POST /auth/signup.,200,,TG-Signup 1-252,text,true,,1027,324,1,1,http://localhost:8080/auth/signup,73,0,1
1759452179069,72,POST /auth/signup.,200,,TG-Signup 1-253,text,true,,1027,324,1,1,http://localhost:8080/auth/signup,72,0,1
1759452179660,72,POST /auth/signup.,200,,TG-Signup 1-254,text,true,,1027,324,1,1,http://localhost:8080/auth/signup,72,0,0
1759452180260,73,POST /auth/signup.,200,,TG-Signup 1-255,text,true,,1027,324,1,1,http://localhost:8080/auth/signup,73,0,2
1759452180870,72,POST /auth/signup.,200,,TG-Signup 1-256,text,true,,1027,324,1,1,http://localhost:8080/auth/signup,72,0,1
1759452181451,73,POST /auth/signup.,200,,TG-Signup 1-257,text,true,,1027,324,1,1,http://localhost:8080/auth/signup,73,0,1
1759452182060,75,POST /auth/signup.,200,,TG-Signup 1-258,text,true,,1027,324,1,1,http://localhost:8080/auth/signup,75,0,1
1759452182666,73,POST /auth/signup.,200,,TG-Signup 1-259,text,true,,1027,324,1,1,http://localhost:8080/auth/signup,73,0,1
1759452183260,72,POST /auth/signup.,200,,TG-Signup 1-260,text,true,,1027,324,1,1,http://localhost:8080/auth/signup,72,0,1
1759452183860,74,POST /auth/signup.,200,,TG-Signup 1-261,text,true,,1027,324,1,1,http://localhost:8080/auth/signup,74,0,1
1759452184460,76,POST /auth/signup.,200,,TG-Signup 1-262,text,true,,1027,324,1,1,http://localhost:8080/auth/signup,76,0,1
1759452185061,72,POST /auth/signup.,200,,TG-Signup 1-263,text,true,,1027,324,1,1,http://localhost:8080/auth/signup,72,0,0
1759452185659,73,POST /auth/signup.,200,,TG-Signup 1-264,text,true,,1027,324,1,1,http://localhost:8080/auth/signup,73,0,1
1759452186260,73,POST /auth/signup.,200,,TG-Signup 1-265,text,true,,1027,324,1,1,http://localhost:8080/auth/signup,73,0,1
1759452186859,73,POST /auth/signup.,200,,TG-Signup 1-266,text,true,,1027,324,1,1,http://localhost:8080/auth/signup,72,0,1
1759452187459,74,POST /auth/signup.,200,,TG-Signup 1-267,text,true,,1027,324,1,1,http://localhost:8080/auth/signup,73,0,1
1759452188059,73,POST /auth/signup.,200,,TG-Signup 1-268,text,true,,1027,324,1,1,http://localhost:8080/auth/signup,73,0,1
1759452188661,73,POST /auth/signup.,200,,TG-Signup 1-269,text,true,,1027,324,1,1,http://localhost:8080/auth/signup,73,0,1
1759452189270,72,POST /auth/signup.,200,,TG-Signup 1-270,text,true,,1027,324,1,1,http://localhost:8080/auth/signup,72,0,0
1759452189861,75,POST /auth/signup.,200,,TG-Signup 1-271,text,true,,1027,324,1,1,http://localhost:8080/auth/signup,75,0,1
1759452190462,73,POST /auth/signup.,200,,TG-Signup 1-272,text,true,,1027,324,1,1,http://localhost:8080/auth/signup,72,0,0
1759452191061,74,POST /auth/signup.,200,,TG-Signup 1-273,text,true,,1027,324,1,1,http://localhost:8080/auth/signup,74,0,1
1759452191661,73,POST /auth/signup.,200,,TG-Signup 1-274,text,true,,1027,324,1,1,http://localhost:8080/auth/signup,73,0,1
1759452192261,75,POST /auth/signup.,200,,TG-Signup 1-275,text,true,,1027,324,1,1,http://localhost:8080/auth/signup,75,0,1
1759452192862,74,POST /auth/signup.,200,,TG-Signup 1-276,text,true,,1027,324,1,1,http://localhost:8080/auth/signup,74,0,1
1759452193462,74,POST /auth/signup.,200,,TG-Signup 1-277,text,true,,1027,324,1,1,http://localhost:8080/auth/signup,74,0,1
1759452194061,73,POST /auth/signup.,200,,TG-Signup 1-278,text,true,,1027,324,1,1,http://localhost:8080/auth/signup,73,0,1
1759452194670,72,POST /auth/signup.,200,,TG-Signup 1-279,text,true,,1027,324,1,1,http://localhost:8080/auth/signup,72,0,1
1759452195261,72,POST /auth/signup.,200,,TG-Signup 1-280,text,true,,1027,324,1,1,http://localhost:8080/auth/signup,72,0,1
1759452195861,76,POST /auth/signup.,200,,TG-Signup 1-281,text,true,,1027,324,1,1,http://localhost:8080/auth/signup,76,0,1
1759452196461,74,POST /auth/signup.,200,,TG-Signup 1-282,text,true,,1027,324,1,1,http://localhost:8080/auth/signup,74,0,1
1759452197061,86,POST /auth/signup.,200,,TG-Signup 1-283,text,true,,1027,324,1,1,http://localhost:8080/auth/signup,86,0,1
1759452197670,77,POST /auth/signup.,200,,TG-Signup 1-284,text,true,,1027,324,1,1,http://localhost:8080/auth/signup,77,0,2
1759452198262,73,POST /auth/signup.,200,,TG-Signup 1-285,text,true,,1027,324,1,1,http://localhost:8080/auth/signup,73,0,1
1759452198861,72,POST /auth/signup.,200,,TG-Signup 1-286,text,true,,1027,324,1,1,http://localhost:8080/auth/signup,71,0,1
1759452199462,72,POST /auth/signup.,200,,TG-Signup 1-287,text,true,,1027,324,1,1,http://localhost:8080/auth/signup,72,0,1
1759452200061,72,POST /auth/signup.,200,,TG-Signup 1-288,text,true,,1027,324,1,1,http://localhost:8080/auth/signup,72,0,1
1759452200661,73,POST /auth/signup.,200,,TG-Signup 1-289,text,true,,1027,324,1,1,http://localhost:8080/auth/signup,73,0,1
1759452201262,74,POST /auth/signup.,200,,TG-Signup 1-290,text,true,,1027,324,1,1,http://localhost:8080/auth/signup,74,0,1
1759452201861,72,POST /auth/signup.,200,,TG-Signup 1-291,text,true,,1027,324,1,1,http://localhost:8080/auth/signup,72,0,1
1759452202460,74,POST /auth/signup.,200,,TG-Signup 1-292,text,true,,1027,324,1,1,http://localhost:8080/auth/signup,74,0,1
1759452203061,72,POST /auth/signup.,200,,TG-Signup 1-293,text,true,,1027,324,1,1,http://localhost:8080/auth/signup,72,0,1
1759452203660,72,POST /auth/signup.,200,,TG-Signup 1-294,text,true,,1027,324,1,1,http://localhost:8080/auth/signup,72,0,1
1759452204260,72,POST /auth/signup.,200,,TG-Signup 1-295,text,true,,1027,324,1,1,http://localhost:8080/auth/signup,72,0,1
1759452204861,73,POST /auth/signup.,200,,TG-Signup 1-296,text,true,,1027,324,1,1,http://localhost:8080/auth/signup,73,0,1
1759452205471,72,POST /auth/signup.,200,,TG-Signup 1-297,text,true,,1027,324,1,1,http://localhost:8080/auth/signup,72,0,1
1759452206065,73,POST /auth/signup.,200,,TG-Signup 1-298,text,true,,1027,324,1,1,http://localhost:8080/auth/signup,73,0,1
1759452206672,74,POST /auth/signup.,200,,TG-Signup 1-299,text,true,,1027,324,1,1,http://localhost:8080/auth/signup,74,0,1
1759452207260,73,POST /auth/signup.,200,,TG-Signup 1-300,text,true,,1027,324,1,1,http://localhost:8080/auth/signup,73,0,1
1759452207871,71,POST /auth/signup.,200,,TG-Signup 1-301,text,true,,1027,324,1,1,http://localhost:8080/auth/signup,71,0,1
1759452208460,72,POST /auth/signup.,200,,TG-Signup 1-302,text,true,,1027,324,1,1,http://localhost:8080/auth/signup,72,0,1
1759452209061,72,POST /auth/signup.,200,,TG-Signup 1-303,text,true,,1027,324,1,1,http://localhost:8080/auth/signup,72,0,1
1759452209662,72,POST /auth/signup.,200,,TG-Signup 1-304,text,true,,1027,324,1,1,http://localhost:8080/auth/signup,72,0,1
1759452210262,73,POST /auth/signup.,200,,TG-Signup 1-305,text,true,,1027,324,1,1,http://localhost:8080/auth/signup,73,0,2
1759452210862,73,POST /auth/signup.,200,,TG-Signup 1-306,text,true,,1027,324,1,1,http://localhost:8080/auth/signup,73,0,1
1759452211462,73,POST /auth/signup.,200,,TG-Signup 1-307,text,true,,1027,324,1,1,http://localhost:8080/auth/signup,73,0,1
1759452212061,73,POST /auth/signup.,200,,TG-Signup 1-308,text,true,,1027,324,1,1,http://localhost:8080/auth/signup,73,0,1
1759452212662,74,POST /auth/signup.,200,,TG-Signup 1-309,text,true,,1027,324,1,1,http://localhost:8080/auth/signup,74,0,0
1759452213261,72,POST /auth/signup.,200,,TG-Signup 1-310,text,true,,1027,324,1,1,http://localhost:8080/auth/signup,72,0,1
1759452213861,71,POST /auth/signup.,200,,TG-Signup 1-311,text,true,,1027,324,1,1,http://localhost:8080/auth/signup,71,0,1
1759452214462,73,POST /auth/signup.,200,,TG-Signup 1-312,text,true,,1027,324,1,1,http://localhost:8080/auth/signup,73,0,1
1759452215062,72,POST /auth/signup.,200,,TG-Signup 1-313,text,true,,1027,324,1,1,http://localhost:8080/auth/signup,72,0,1
1759452215663,72,POST /auth/signup.,200,,TG-Signup 1-314,text,true,,1027,324,1,1,http://localhost:8080/auth/signup,72,0,1
1759452216264,73,POST /auth/signup.,200,,TG-Signup 1-315,text,true,,1027,324,1,1,http://localhost:8080/auth/signup,73,0,1
1759452216863,72,POST /auth/signup.,200,,TG-Signup 1-316,text,true,,1027,324,1,1,http://localhost:8080/auth/signup,72,0,1
1759452217454,75,POST /auth/signup.,200,,TG-Signup 1-317,text,true,,1027,324,1,1,http://localhost:8080/auth/signup,75,0,1
1759452218065,72,POST /auth/signup.,200,,TG-Signup 1-318,text,true,,1027,324,1,1,http://localhost:8080/auth/signup,72,0,1
1759452218653,73,POST /auth/signup.,200,,TG-Signup 1-319,text,true,,1027,324,1,1,http://localhost:8080/auth/signup,73,0,1
1759452219262,72,POST /auth/signup.,200,,TG-Signup 1-320,text,true,,1027,324,1,1,http://localhost:8080/auth/signup,72,0,1
1759452219862,72,POST /auth/signup.,200,,TG-Signup 1-321,text,true,,1027,324,1,1,http://localhost:8080/auth/signup,72,0,1
1759452220452,72,POST /auth/signup.,200,,TG-Signup 1-322,text,true,,1027,324,1,1,http://localhost:8080/auth/signup,72,0,1
1759452221071,73,POST /auth/signup.,200,,TG-Signup 1-323,text,true,,1027,324,1,1,http://localhost:8080/auth/signup,73,0,1
1759452221662,74,POST /auth/signup.,200,,TG-Signup 1-324,text,true,,1027,324,1,1,http://localhost:8080/auth/signup,74,0,1
1759452222263,72,POST /auth/signup.,200,,TG-Signup 1-325,text,true,,1027,324,1,1,http://localhost:8080/auth/signup,71,0,1
1759452222862,71,POST /auth/signup.,200,,TG-Signup 1-326,text,true,,1027,324,1,1,http://localhost:8080/auth/signup,71,0,1
1759452223462,72,POST /auth/signup.,200,,TG-Signup 1-327,text,true,,1027,324,1,1,http://localhost:8080/auth/signup,72,0,1
1759452224062,72,POST /auth/signup.,200,,TG-Signup 1-328,text,true,,1027,324,1,1,http://localhost:8080/auth/signup,72,0,1
1759452224663,73,POST /auth/signup.,200,,TG-Signup 1-329,text,true,,1027,324,1,1,http://localhost:8080/auth/signup,73,0,1
1759452225274,74,POST /auth/signup.,200,,TG-Signup 1-330,text,true,,1027,324,1,1,http://localhost:8080/auth/signup,74,0,1
1759452225862,72,POST /auth/signup.,200,,TG-Signup 1-331,text,true,,1027,324,1,1,http://localhost:8080/auth/signup,72,0,1
1759452226462,72,POST /auth/signup.,200,,TG-Signup 1-332,text,true,,1027,324,1,1,http://localhost:8080/auth/signup,72,0,1
1759452227062,72,POST /auth/signup.,200,,TG-Signup 1-333,text,true,,1027,324,1,1,http://localhost:8080/auth/signup,72,0,1
1759452227663,71,POST /auth/signup.,200,,TG-Signup 1-334,text,true,,1027,324,1,1,http://localhost:8080/auth/signup,71,0,1
1759452228263,72,POST /auth/signup.,200,,TG-Signup 1-335,text,true,,1027,324,1,1,http://localhost:8080/auth/signup,72,0,1
1759452228863,76,POST /auth/signup.,200,,TG-Signup 1-336,text,true,,1027,324,1,1,http://localhost:8080/auth/signup,76,0,1
1759452229454,71,POST /auth/signup.,200,,TG-Signup 1-337,text,true,,1027,324,1,1,http://localhost:8080/auth/signup,71,0,1
1759452230062,71,POST /auth/signup.,200,,TG-Signup 1-338,text,true,,1027,324,1,1,http://localhost:8080/auth/signup,71,0,1
1759452230661,72,POST /auth/signup.,200,,TG-Signup 1-339,text,true,,1027,324,1,1,http://localhost:8080/auth/signup,72,0,1
1759452231262,72,POST /auth/signup.,200,,TG-Signup 1-340,text,true,,1027,324,1,1,http://localhost:8080/auth/signup,72,0,1
1759452231862,72,POST /auth/signup.,200,,TG-Signup 1-341,text,true,,1027,324,1,1,http://localhost:8080/auth/signup,72,0,1
1759452232474,72,POST /auth/signup.,200,,TG-Signup 1-342,text,true,,1027,324,1,1,http://localhost:8080/auth/signup,72,0,1
1759452233062,73,POST /auth/signup.,200,,TG-Signup 1-343,text,true,,1027,324,1,1,http://localhost:8080/auth/signup,73,0,1
1759452233662,73,POST /auth/signup.,200,,TG-Signup 1-344,text,true,,1027,324,1,1,http://localhost:8080/auth/signup,73,0,1
1759452234262,74,POST /auth/signup.,200,,TG-Signup 1-345,text,true,,1027,324,1,1,http://localhost:8080/auth/signup,74,0,1
1759452234861,73,POST /auth/signup.,200,,TG-Signup 1-346,text,true,,1027,324,1,1,http://localhost:8080/auth/signup,73,0,0
1759452235452,72,POST /auth/signup.,200,,TG-Signup 1-347,text,true,,1027,324,1,1,http://localhost:8080/auth/signup,72,0,1
1759452236062,72,POST /auth/signup.,200,,TG-Signup 1-348,text,true,,1027,324,1,1,http://localhost:8080/auth/signup,72,0,1
1759452236665,72,POST /auth/signup.,200,,TG-Signup 1-349,text,true,,1027,324,1,1,http://localhost:8080/auth/signup,72,0,1
1759452237264,72,POST /auth/signup.,200,,TG-Signup 1-350,text,true,,1027,324,1,1,http://localhost:8080/auth/signup,72,0,1
1759452237862,73,POST /auth/signup.,200,,TG-Signup 1-351,text,true,,1027,324,1,1,http://localhost:8080/auth/signup,73,0,1
1759452238462,72,POST /auth/signup.,200,,TG-Signup 1-352,text,true,,1027,324,1,1,http://localhost:8080/auth/signup,72,0,1
1759452239061,73,POST /auth/signup.,200,,TG-Signup 1-353,text,true,,1027,324,1,1,http://localhost:8080/auth/signup,73,0,1
1759452239666,72,POST /auth/signup.,200,,TG-Signup 1-354,text,true,,1027,324,1,1,http://localhost:8080/auth/signup,72,0,1
1759452240274,73,POST /auth/signup.,200,,TG-Signup 1-355,text,true,,1027,324,1,1,http://localhost:8080/auth/signup,73,0,2
1759452240866,72,POST /auth/signup.,200,,TG-Signup 1-356,text,true,,1027,324,1,1,http://localhost:8080/auth/signup,72,0,1
1759452241474,77,POST /auth/signup.,200,,TG-Signup 1-357,text,true,,1027,324,1,1,http://localhost:8080/auth/signup,77,0,1
1759452242065,74,POST /auth/signup.,200,,TG-Signup 1-358,text,true,,1027,324,1,1,http://localhost:8080/auth/signup,74,0,1
1759452242671,73,POST /auth/signup.,200,,TG-Signup 1-359,text,true,,1027,324,1,1,http://localhost:8080/auth/signup,73,0,1
1759452243263,73,POST /auth/signup.,200,,TG-Signup 1-360,text,true,,1027,324,1,1,http://localhost:8080/auth/signup,73,0,1
1759452243871,74,POST /auth/signup.,200,,TG-Signup 1-361,text,true,,1027,324,1,1,http://localhost:8080/auth/signup,74,0,1
1759452244475,78,POST /auth/signup.,200,,TG-Signup 1-362,text,true,,1027,324,1,1,http://localhost:8080/auth/signup,78,0,0
1759452245065,78,POST /auth/signup.,200,,TG-Signup 1-363,text,true,,1027,324,1,1,http://localhost:8080/auth/signup,78,0,1
1759452245687,72,POST /auth/signup.,200,,TG-Signup 1-364,text,true,,1027,324,1,1,http://localhost:8080/auth/signup,72,0,1
1759452246266,75,POST /auth/signup.,200,,TG-Signup 1-365,text,true,,1027,324,1,1,http://localhost:8080/auth/signup,75,0,2
1759452246873,82,POST /auth/signup.,200,,TG-Signup 1-366,text,true,,1027,324,1,1,http://localhost:8080/auth/signup,82,0,1
1759452247467,73,POST /auth/signup.,200,,TG-Signup 1-367,text,true,,1027,324,1,1,http://localhost:8080/auth/signup,73,0,1
1759452248063,72,POST /auth/signup.,200,,TG-Signup 1-368,text,true,,1027,324,1,1,http://localhost:8080/auth/signup,72,0,1
1759452248669,71,POST /auth/signup.,200,,TG-Signup 1-369,text,true,,1027,324,1,1,http://localhost:8080/auth/signup,71,0,0
1759452249263,77,POST /auth/signup.,200,,TG-Signup 1-370,text,true,,1027,324,1,1,http://localhost:8080/auth/signup,76,0,2
1759452249864,74,POST /auth/signup.,200,,TG-Signup 1-371,text,true,,1027,324,1,1,http://localhost:8080/auth/signup,74,0,2
1759452250469,102,POST /auth/signup.,200,,TG-Signup 1-372,text,true,,1027,324,1,1,http://localhost:8080/auth/signup,102,0,1
1759452251075,72,POST /auth/signup.,200,,TG-Signup 1-373,text,true,,1027,324,1,1,http://localhost:8080/auth/signup,72,0,0
1759452251666,74,POST /auth/signup.,200,,TG-Signup 1-374,text,true,,1027,324,1,1,http://localhost:8080/auth/signup,74,0,1
1759452252276,72,POST /auth/signup.,200,,TG-Signup 1-375,text,true,,1027,324,1,1,http://localhost:8080/auth/signup,72,0,1
1759452252864,72,POST /auth/signup.,200,,TG-Signup 1-376,text,true,,1027,324,1,1,http://localhost:8080/auth/signup,72,0,1
1759452253467,72,POST /auth/signup.,200,,TG-Signup 1-377,text,true,,1027,324,1,1,http://localhost:8080/auth/signup,72,0,1
1759452254066,72,POST /auth/signup.,200,,TG-Signup 1-378,text,true,,1027,324,1,1,http://localhost:8080/auth/signup,72,0,1
1759452254674,74,POST /auth/signup.,200,,TG-Signup 1-379,text,true,,1027,324,1,1,http://localhost:8080/auth/signup,74,0,0
1759452255264,74,POST /auth/signup.,200,,TG-Signup 1-380,text,true,,1027,324,1,1,http://localhost:8080/auth/signup,74,0,1
1759452255870,72,POST /auth/signup.,200,,TG-Signup 1-381,text,true,,1027,324,1,1,http://localhost:8080/auth/signup,72,0,1
1759452256462,72,POST /auth/signup.,200,,TG-Signup 1-382,text,true,,1027,324,1,1,http://localhost:8080/auth/signup,72,0,1
1759452257071,72,POST /auth/signup.,200,,TG-Signup 1-383,text,true,,1027,324,1,1,http://localhost:8080/auth/signup,72,0,1
1759452257663,72,POST /auth/signup.,200,,TG-Signup 1-384,text,true,,1027,324,1,1,http://localhost:8080/auth/signup,72,0,1
1759452258271,73,POST /auth/signup.,200,,TG-Signup 1-385,text,true,,1027,324,1,1,http://localhost:8080/auth/signup,73,0,1
1759452258866,72,POST /auth/signup.,200,,TG-Signup 1-386,text,true,,1027,324,1,1,http://localhost:8080/auth/signup,71,0,1
1759452259472,72,POST /auth/signup.,200,,TG-Signup 1-387,text,true,,1027,324,1,1,http://localhost:8080/auth/signup,72,0,1
1759452260065,73,POST /auth/signup.,200,,TG-Signup 1-388,text,true,,1027,324,1,1,http://localhost:8080/auth/signup,73,0,1
1759452260670,74,POST /auth/signup.,200,,TG-Signup 1-389,text,true,,1027,324,1,1,http://localhost:8080/auth/signup,74,0,1
1759452261277,72,POST /auth/signup.,200,,TG-Signup 1-390,text,true,,1027,324,1,1,http://localhost:8080/auth/signup,72,0,1
1759452261869,72,POST /auth/signup.,200,,TG-Signup 1-391,text,true,,1027,324,1,1,http://localhost:8080/auth/signup,72,0,1
1759452262466,72,POST /auth/signup.,200,,TG-Signup 1-392,text,true,,1027,324,1,1,http://localhost:8080/auth/signup,72,0,1
1759452263077,73,POST /auth/signup.,200,,TG-Signup 1-393,text,true,,1027,324,1,1,http://localhost:8080/auth/signup,73,0,1
1759452263668,73,POST /auth/signup.,200,,TG-Signup 1-394,text,true,,1027,324,1,1,http://localhost:8080/auth/signup,73,0,1
1759452264276,72,POST /auth/signup.,200,,TG-Signup 1-395,text,true,,1027,324,1,1,http://localhost:8080/auth/signup,72,0,1
1759452264869,73,POST /auth/signup.,200,,TG-Signup 1-396,text,true,,1027,324,1,1,http://localhost:8080/auth/signup,73,0,1
1759452265475,72,POST /auth/signup.,200,,TG-Signup 1-397,text,true,,1027,324,1,1,http://localhost:8080/auth/signup,72,0,0
1759452266066,73,POST /auth/signup.,200,,TG-Signup 1-398,text,true,,1027,324,1,1,http://localhost:8080/auth/signup,73,0,1
1759452266674,72,POST /auth/signup.,200,,TG-Signup 1-399,text,true,,1027,324,1,1,http://localhost:8080/auth/signup,72,0,1
1759452267269,73,POST /auth/signup.,200,,TG-Signup 1-400,text,true,,1027,324,1,1,http://localhost:8080/auth/signup,73,0,1
1759452267876,71,POST /auth/signup.,200,,TG-Signup 1-401,text,true,,1027,324,1,1,http://localhost:8080/auth/signup,71,0,0
1759452268468,72,POST /auth/signup.,200,,TG-Signup 1-402,text,true,,1027,324,1,1,http://localhost:8080/auth/signup,72,0,1
1759452269075,73,POST /auth/signup.,200,,TG-Signup 1-403,text,true,,1027,324,1,1,http://localhost:8080/auth/signup,73,0,1
1759452269664,74,POST /auth/signup.,200,,TG-Signup 1-404,text,true,,1027,324,1,1,http://localhost:8080/auth/signup,74,0,2
1759452270272,71,POST /auth/signup.,200,,TG-Signup 1-405,text,true,,1027,324,1,1,http://localhost:8080/auth/signup,71,0,0
1759452270863,73,POST /auth/signup.,200,,TG-Signup 1-406,text,true,,1027,324,1,1,http://localhost:8080/auth/signup,73,0,2
1759452271467,72,POST /auth/signup.,200,,TG-Signup 1-407,text,true,,1027,324,1,1,http://localhost:8080/auth/signup,72,0,1
1759452272074,71,POST /auth/signup.,200,,TG-Signup 1-408,text,true,,1027,324,1,1,http://localhost:8080/auth/signup,71,0,0
1759452272664,72,POST /auth/signup.,200,,TG-Signup 1-409,text,true,,1027,324,1,1,http://localhost:8080/auth/signup,72,0,1
1759452273267,74,POST /auth/signup.,200,,TG-Signup 1-410,text,true,,1027,324,1,1,http://localhost:8080/auth/signup,74,0,1
1759452273857,93,POST /auth/signup.,200,,TG-Signup 1-411,text,true,,1027,324,1,1,http://localhost:8080/auth/signup,93,0,1
1759452274474,77,POST /auth/signup.,200,,TG-Signup 1-412,text,true,,1027,324,1,1,http://localhost:8080/auth/signup,77,0,2
1759452275067,74,POST /auth/signup.,200,,TG-Signup 1-413,text,true,,1027,324,1,1,http://localhost:8080/auth/signup,74,0,1
1759452275677,72,POST /auth/signup.,200,,TG-Signup 1-414,text,true,,1027,324,1,1,http://localhost:8080/auth/signup,72,0,1
1759452276269,70,POST /auth/signup.,200,,TG-Signup 1-415,text,true,,1027,324,1,1,http://localhost:8080/auth/signup,70,0,0
1759452276874,72,POST /auth/signup.,200,,TG-Signup 1-416,text,true,,1027,324,1,1,http://localhost:8080/auth/signup,72,0,1
1759452277468,73,POST /auth/signup.,200,,TG-Signup 1-417,text,true,,1027,324,1,1,http://localhost:8080/auth/signup,73,0,1
1759452278073,72,POST /auth/signup.,200,,TG-Signup 1-418,text,true,,1027,324,1,1,http://localhost:8080/auth/signup,72,0,0
1759452278677,72,POST /auth/signup.,200,,TG-Signup 1-419,text,true,,1027,324,1,1,http://localhost:8080/auth/signup,72,0,1
1759452279265,72,POST /auth/signup.,200,,TG-Signup 1-420,text,true,,1027,324,1,1,http://localhost:8080/auth/signup,72,0,0
1759452279868,73,POST /auth/signup.,200,,TG-Signup 1-421,text,true,,1027,324,1,1,http://localhost:8080/auth/signup,73,0,1
1759452280474,73,POST /auth/signup.,200,,TG-Signup 1-422,text,true,,1027,324,1,1,http://localhost:8080/auth/signup,73,0,1
1759452281066,72,POST /auth/signup.,200,,TG-Signup 1-423,text,true,,1027,324,1,1,http://localhost:8080/auth/signup,72,0,1
1759452281670,72,POST /auth/signup.,200,,TG-Signup 1-424,text,true,,1027,324,1,1,http://localhost:8080/auth/signup,72,0,1
1759452282264,73,POST /auth/signup.,200,,TG-Signup 1-425,text,true,,1027,324,1,1,http://localhost:8080/auth/signup,73,0,1
1759452282867,71,POST /auth/signup.,200,,TG-Signup 1-426,text,true,,1027,324,1,1,http://localhost:8080/auth/signup,71,0,1
1759452283472,74,POST /auth/signup.,200,,TG-Signup 1-427,text,true,,1027,324,1,1,http://localhost:8080/auth/signup,74,0,1
1759452284073,76,POST /auth/signup.,200,,TG-Signup 1-428,text,true,,1027,324,1,1,http://localhost:8080/auth/signup,76,0,1
1759452284676,71,POST /auth/signup.,200,,TG-Signup 1-429,text,true,,1027,324,1,1,http://localhost:8080/auth/signup,71,0,1
1759452285268,73,POST /auth/signup.,200,,TG-Signup 1-430,text,true,,1027,324,1,1,http://localhost:8080/auth/signup,73,0,1
1759452285875,132,POST /auth/signup.,200,,TG-Signup 1-431,text,true,,1027,324,1,1,http://localhost:8080/auth/signup,132,0,1
1759452286465,72,POST /auth/signup.,200,,TG-Signup 1-432,text,true,,1027,324,1,1,http://localhost:8080/auth/signup,72,0,1
1759452287072,73,POST /auth/signup.,200,,TG-Signup 1-433,text,true,,1027,324,1,1,http://localhost:8080/auth/signup,73,0,1
1759452287665,73,POST /auth/signup.,200,,TG-Signup 1-434,text,true,,1027,324,1,1,http://localhost:8080/auth/signup,73,0,0
1759452288274,74,POST /auth/signup.,200,,TG-Signup 1-435,text,true,,1027,324,1,1,http://localhost:8080/auth/signup,74,0,1
1759452288865,72,POST /auth/signup.,200,,TG-Signup 1-436,text,true,,1027,324,1,1,http://localhost:8080/auth/signup,72,0,1
1759452289471,73,POST /auth/signup.,200,,TG-Signup 1-437,text,true,,1027,324,1,1,http://localhost:8080/auth/signup,73,0,1
1759452290075,72,POST /auth/signup.,200,,TG-Signup 1-438,text,true,,1027,324,1,1,http://localhost:8080/auth/signup,72,0,1
1759452290665,72,POST /auth/signup.,200,,TG-Signup 1-439,text,true,,1027,324,1,1,http://localhost:8080/auth/signup,72,0,1
1759452291265,73,POST /auth/signup.,200,,TG-Signup 1-440,text,true,,1027,324,1,1,http://localhost:8080/auth/signup,73,0,1
1759452291865,74,POST /auth/signup.,200,,TG-Signup 1-441,text,true,,1027,324,1,1,http://localhost:8080/auth/signup,74,0,1
1759452292465,73,POST /auth/signup.,200,,TG-Signup 1-442,text,true,,1027,324,1,1,http://localhost:8080/auth/signup,73,0,1
1759452293064,72,POST /auth/signup.,200,,TG-Signup 1-443,text,true,,1027,324,1,1,http://localhost:8080/auth/signup,72,0,1
1759452293664,72,POST /auth/signup.,200,,TG-Signup 1-444,text,true,,1027,324,1,1,http://localhost:8080/auth/signup,72,0,1
1759452294264,73,POST /auth/signup.,200,,TG-Signup 1-445,text,true,,1027,324,1,1,http://localhost:8080/auth/signup,73,0,1
1759452294865,75,POST /auth/signup.,200,,TG-Signup 1-446,text,true,,1027,324,1,1,http://localhost:8080/auth/signup,75,0,1
1759452295465,75,POST /auth/signup.,200,,TG-Signup 1-447,text,true,,1027,324,1,1,http://localhost:8080/auth/signup,75,0,1
1759452296065,71,POST /auth/signup.,200,,TG-Signup 1-448,text,true,,1027,324,1,1,http://localhost:8080/auth/signup,71,0,1
1759452296679,71,POST /auth/signup.,200,,TG-Signup 1-449,text,true,,1027,324,1,1,http://localhost:8080/auth/signup,71,0,1
1759452297267,71,POST /auth/signup.,200,,TG-Signup 1-450,text,true,,1027,324,1,1,http://localhost:8080/auth/signup,71,0,1
1759452297861,71,POST /auth/signup.,200,,TG-Signup 1-451,text,true,,1027,324,1,1,http://localhost:8080/auth/signup,71,0,1
1759452298481,72,POST /auth/signup.,200,,TG-Signup 1-452,text,true,,1027,324,1,1,http://localhost:8080/auth/signup,72,0,1
1759452299072,72,POST /auth/signup.,200,,TG-Signup 1-453,text,true,,1027,324,1,1,http://localhost:8080/auth/signup,72,0,1
1759452299667,76,POST /auth/signup.,200,,TG-Signup 1-454,text,true,,1027,324,1,1,http://localhost:8080/auth/signup,76,0,1
1759452300271,73,POST /auth/signup.,200,,TG-Signup 1-455,text,true,,1027,324,1,1,http://localhost:8080/auth/signup,73,0,1
1759452300866,73,POST /auth/signup.,200,,TG-Signup 1-456,text,true,,1027,324,1,1,http://localhost:8080/auth/signup,73,0,1
1759452301473,72,POST /auth/signup.,200,,TG-Signup 1-457,text,true,,1027,324,1,1,http://localhost:8080/auth/signup,72,0,1
1759452302066,72,POST /auth/signup.,200,,TG-Signup 1-458,text,true,,1027,324,1,1,http://localhost:8080/auth/signup,72,0,1
1759452302674,71,POST /auth/signup.,200,,TG-Signup 1-459,text,true,,1027,324,1,1,http://localhost:8080/auth/signup,71,0,1
1759452303267,72,POST /auth/signup.,200,,TG-Signup 1-460,text,true,,1027,324,1,1,http://localhost:8080/auth/signup,72,0,1
1759452303875,72,POST /auth/signup.,200,,TG-Signup 1-461,text,true,,1027,324,1,1,http://localhost:8080/auth/signup,72,0,1
1759452304479,73,POST /auth/signup.,200,,TG-Signup 1-462,text,true,,1027,324,1,1,http://localhost:8080/auth/signup,73,0,1
1759452305059,75,POST /auth/signup.,200,,TG-Signup 1-463,text,true,,1027,324,1,1,http://localhost:8080/auth/signup,75,0,1
1759452305680,78,POST /auth/signup.,200,,TG-Signup 1-464,text,true,,1027,324,1,1,http://localhost:8080/auth/signup,78,0,0
1759452306276,72,POST /auth/signup.,200,,TG-Signup 1-465,text,true,,1027,324,1,1,http://localhost:8080/auth/signup,72,0,1
1759452306866,72,POST /auth/signup.,200,,TG-Signup 1-466,text,true,,1027,324,1,1,http://localhost:8080/auth/signup,71,0,1
1759452307474,73,POST /auth/signup.,200,,TG-Signup 1-467,text,true,,1027,324,1,1,http://localhost:8080/auth/signup,73,0,1
1759452308068,73,POST /auth/signup.,200,,TG-Signup 1-468,text,true,,1027,324,1,1,http://localhost:8080/auth/signup,73,0,1
1759452308678,72,POST /auth/signup.,200,,TG-Signup 1-469,text,true,,1027,324,1,1,http://localhost:8080/auth/signup,72,0,1
1759452309267,73,POST /auth/signup.,200,,TG-Signup 1-470,text,true,,1027,324,1,1,http://localhost:8080/auth/signup,73,0,1
1759452309874,73,POST /auth/signup.,200,,TG-Signup 1-471,text,true,,1027,324,1,1,http://localhost:8080/auth/signup,72,0,1
1759452310471,72,POST /auth/signup.,200,,TG-Signup 1-472,text,true,,1027,324,1,1,http://localhost:8080/auth/signup,72,0,1
1759452311076,72,POST /auth/signup.,200,,TG-Signup 1-473,text,true,,1027,324,1,1,http://localhost:8080/auth/signup,72,0,1
1759452311666,71,POST /auth/signup.,200,,TG-Signup 1-474,text,true,,1027,324,1,1,http://localhost:8080/auth/signup,71,0,1
1759452312275,72,POST /auth/signup.,200,,TG-Signup 1-475,text,true,,1027,324,1,1,http://localhost:8080/auth/signup,72,0,1
1759452312868,76,POST /auth/signup.,200,,TG-Signup 1-476,text,true,,1027,324,1,1,http://localhost:8080/auth/signup,76,0,1
1759452313477,72,POST /auth/signup.,200,,TG-Signup 1-477,text,true,,1027,324,1,1,http://localhost:8080/auth/signup,71,0,1
1759452314079,72,POST /auth/signup.,200,,TG-Signup 1-478,text,true,,1027,324,1,1,http://localhost:8080/auth/signup,72,0,1
1759452314672,72,POST /auth/signup.,200,,TG-Signup 1-479,text,true,,1027,324,1,1,http://localhost:8080/auth/signup,72,0,1
1759452315273,71,POST /auth/signup.,200,,TG-Signup 1-480,text,true,,1027,324,1,1,http://localhost:8080/auth/signup,71,0,1
1759452315880,72,POST /auth/signup.,200,,TG-Signup 1-481,text,true,,1027,324,1,1,http://localhost:8080/auth/signup,72,0,1
1759452316470,74,POST /auth/signup.,200,,TG-Signup 1-482,text,true,,1027,324,1,1,http://localhost:8080/auth/signup,74,0,1
1759452317078,71,POST /auth/signup.,200,,TG-Signup 1-483,text,true,,1027,324,1,1,http://localhost:8080/auth/signup,71,0,1
1759452317670,72,POST /auth/signup.,200,,TG-Signup 1-484,text,true,,1027,324,1,1,http://localhost:8080/auth/signup,72,0,1
1759452318279,72,POST /auth/signup.,200,,TG-Signup 1-485,text,true,,1027,324,1,1,http://localhost:8080/auth/signup,72,0,1
1759452318872,71,POST /auth/signup.,200,,TG-Signup 1-486,text,true,,1027,324,1,1,http://localhost:8080/auth/signup,71,0,1
1759452319479,72,POST /auth/signup.,200,,TG-Signup 1-487,text,true,,1027,324,1,1,http://localhost:8080/auth/signup,72,0,1
1759452320073,71,POST /auth/signup.,200,,TG-Signup 1-488,text,true,,1027,324,1,1,http://localhost:8080/auth/signup,71,0,1
1759452320667,73,POST /auth/signup.,200,,TG-Signup 1-489,text,true,,1027,324,1,1,http://localhost:8080/auth/signup,73,0,1
1759452321267,75,POST /auth/signup.,200,,TG-Signup 1-490,text,true,,1027,324,1,1,http://localhost:8080/auth/signup,75,0,1
1759452321880,76,POST /auth/signup.,200,,TG-Signup 1-491,text,true,,1027,324,1,1,http://localhost:8080/auth/signup,76,0,1
1759452322467,71,POST /auth/signup.,200,,TG-Signup 1-492,text,true,,1027,324,1,1,http://localhost:8080/auth/signup,71,0,1
1759452323066,72,POST /auth/signup.,200,,TG-Signup 1-493,text,true,,1027,324,1,1,http://localhost:8080/auth/signup,72,0,1
1759452323668,72,POST /auth/signup.,200,,TG-Signup 1-494,text,true,,1027,324,1,1,http://localhost:8080/auth/signup,72,0,1
1759452324267,72,POST /auth/signup.,200,,TG-Signup 1-495,text,true,,1027,324,1,1,http://localhost:8080/auth/signup,72,0,1
1759452324867,71,POST /auth/signup.,200,,TG-Signup 1-496,text,true,,1027,324,1,1,http://localhost:8080/auth/signup,71,0,1
1759452325468,71,POST /auth/signup.,200,,TG-Signup 1-497,text,true,,1027,324,1,1,http://localhost:8080/auth/signup,71,0,1
1759452326069,74,POST /auth/signup.,200,,TG-Signup 1-498,text,true,,1027,324,1,1,http://localhost:8080/auth/signup,74,0,1
1759452326668,71,POST /auth/signup.,200,,TG-Signup 1-499,text,true,,1027,324,1,1,http://localhost:8080/auth/signup,71,0,1
1759452327268,71,POST /auth/signup.,200,,TG-Signup 1-500,text,true,,1027,324,1,1,http://localhost:8080/auth/signup,71,0,1
